{"cameraMode":{"drawMode":0,"name":"Shaded","section":"Shading Mode"},"sceneLighting":false,"audioPlay":false,"sceneViewState":{"showFog":true,"showMaterialUpdate":false,"showSkybox":false,"showFlares":true,"showImageEffects":true,"showParticleSystems":true},"in2DMode":false,"pivot":{"x":558.573974609375,"y":30.077146530151368,"z":463.1553649902344},"rotation":{"x":0.581821858882904,"y":-0.04143355414271355,"z":0.029698658734560014,"w":0.8117177486419678},"size":0.23214800655841828,"orthographic":false}