{"cameraMode":{"drawMode":0,"name":"Shaded","section":"Shading Mode"},"sceneLighting":true,"audioPlay":false,"sceneViewState":{"showFog":true,"showMaterialUpdate":false,"showSkybox":true,"showFlares":true,"showImageEffects":true,"showParticleSystems":true},"in2DMode":false,"pivot":{"x":577.859375,"y":35.86219024658203,"z":465.99627685546877},"rotation":{"x":-0.1966327726840973,"y":-0.4343457520008087,"z":0.09776224195957184,"w":-0.8735729455947876},"size":5.545304298400879,"orthographic":false}